SampleID	PCRPlate	PCRWell	Plate_ID	Well	Time_point	DNA_conc_ngÂµl	A_260280_ ratio	Sample_ID-dashes	SampleID_with16S	Golay16SBarcode	Notes1	SampleID_withITS	GolayITSBarcode	Notes2	Tissue_type	Extraction_date	State	Trial	Field	Sampling_date	ID	Site	Main_plot	Sub_plot_A	Sub_plot_B	CA_Row	Location	Block	Bed	row	Timepoint	Year	Sampling_date2		
CCCR1R1	5	G1	G	1	T0	1.2		CCCR1R1	CCCR1R1_16S	AATTTCCTAACA		CCCR1R1_ITS	TCTCAGCGCGTA		Rhizosphere		California		CA_Field_1		Rz-T0-CCC1	CA1	control	control	control	1					Year 0	2021	6/1/21		
CCCR2R1	5	F1	F	1	T0	11.659		CCCR2R1	CCCR2R1_16S	GACATCTGACAC		CCCR2R1_ITS	ACTAGGATCAGT		Rhizosphere		California		CA_Field_1		Rz-T0-CCC2	CA1	control	control	control	2					Year 0	2021	6/1/21		
CCCR3R1	5	E1	E	1	T0	2.694		CCCR3R1	CCCR3R1_16S	GGCTCGTCGGAG		CCCR3R1_ITS	GCACTGGCATAT		Rhizosphere		California		CA_Field_1		Rz-T0-CCC3	CA1	control	control	control	3					Year 0	2021	6/1/21		
CCCR4R1	4	G12	G	12	T0	0.486		CCCR4R1	CCCR4R1_16S	GCGAGCGAAGTA		CCCR4R1_ITS	ACCCTATTGCGG		Rhizosphere		California		CA_Field_1		Rz-T0-CCC4	CA1	control	control	control	4					Year 0	2021	6/1/21		
CCCT1_S1	5	E4	E	4	T1	7.087		CCCT1-S1	CCCT1-S1_16S	GTTGGTTGGCAT		CCCT1-S1_ITS	TGAAAGCGGCGA		Bulk_soil		California		CA_Field_1		S-T1-CCC1	CA1	control	control	control	1					Year 1	2022	6/8/22		
CCCT1_S2	5	G4	G	4	T1	7.534		CCCT1-S2	CCCT1-S2_16S	TACTGAGCCTCG		CCCT1-S2_ITS	GTTCCGGATTAG		Bulk_soil		California		CA_Field_1		S-T1-CCC2	CA1	control	control	control	2					Year 1	2022	6/8/22		
CCCT1_S3	5	H4	H	4	T1	12.775		CCCT1-S3	CCCT1-S3_16S	GGTGCAGACAGA		CCCT1-S3_ITS	TGTGGAAACTCC		Bulk_soil		California		CA_Field_1		S-T1-CCC3	CA1	control	control	control	3					Year 1	2022	6/8/22		
CCCT1_S4	5	F7	F	7	T1	6.682		CCCT1-S4	CCCT1-S4_16S	ATGCCGGTAATA		CCCT1-S4_ITS	ACCGATTAGGTA		Bulk_soil		California		CA_Field_1		S-T1-CCC4	CA1	control	control	control	4					Year 1	2022	6/8/22		
CCCT1R1	4	F11	F	11	T1	0.756		CCCT1R1	CCCT1R1_16S	CGATTCCTTAAT		CCCT1R1_ITS	ACTGACTTAAGG		Rhizosphere		California		CA_Field_1		Rz-T1-CCC1	CA1	control	control	control	1					Year 1	2022	6/8/22		
CCCT1R2	4	E10	E	10	T1	39.485		CCCT1R2	CCCT1R2_16S	ACCACCGTAACC		CCCT1R2_ITS	CTCCCTTTGTGT		Rhizosphere		California		CA_Field_1		Rz-T1-CCC2	CA1	control	control	control	2					Year 1	2022	6/8/22		
CCCT1R3	4	D10	D	10	T1	34.419		CCCT1R3	CCCT1R3_16S	CTACTTACATCC		CCCT1R3_ITS	GGTTTAACACGC		Rhizosphere		California		CA_Field_1		Rz-T1-CCC3	CA1	control	control	control	3					Year 1	2022	6/8/22		
CCCT1R4	4	C10	C	10	T1	22.107		CCCT1R4	CCCT1R4_16S	CGCTAGGATGTT		CCCT1R4_ITS	GTCGCCGTACAT		Rhizosphere		California		CA_Field_1		Rz-T1-CCC4	CA1	control	control	control	4					Year 1	2022	6/8/22		
CCHR1R2	4	E12	E	12	T0	3.077		CCHR1R2	CCHR1R2_16S	CGTTCGCTAGCC		CCHR1R2_ITS	CCTTGACCGATG		Rhizosphere		California		CA_Field_1		Rz-T0-CCH1	CA1	control	control	humic	1					Year 0	2021	6/1/21		
CCHR2R1	4	D12	D	12	T0	5.087		CCHR2R1	CCHR2R1_16S	GTCCTCGCGACT		CCHR2R1_ITS	GCCACGACTTAC		Rhizosphere		California		CA_Field_1		Rz-T0-CCH2	CA1	control	control	humic	2					Year 0	2021	6/1/21		
CCHR3R1	4	C12	C	12	T0	3.642		CCHR3R1	CCHR3R1_16S	GTCAGTATGGCT		CCHR3R1_ITS	CACCCGATGGTT		Rhizosphere		California		CA_Field_1		Rz-T0-CCH3	CA1	control	control	humic	3					Year 0	2021	6/1/21		
CCHR4R1	4	B12	B	12	T0	14.119		CCHR4R1	CCHR4R1_16S	TCATCTTGATTG		CCHR4R1_ITS	TTCTCCATCACA		Rhizosphere		California		CA_Field_1		Rz-T0-CCH4	CA1	control	control	humic	4					Year 0	2021	6/1/21		
CCHT1_S1	5	D5	D	5	T1	5.483		CCHT1-S1	CCHT1-S1_16S	GTCAGAGTATTG		CCHT1-S1_ITS	ACACGACTATAG		Bulk_soil		California		CA_Field_1		S-T1-CCH1	CA1	control	control	humic	1					Year 1	2022	6/8/22		
CCHT1_S2	5	H5	H	5	T1	6.746		CCHT1-S2	CCHT1-S2_16S	CACGCTATTGGA		CCHT1-S2_ITS	TTAGGCAGGTTC		Bulk_soil		California		CA_Field_1		S-T1-CCH2	CA1	control	control	humic	2					Year 1	2022	6/8/22		
CCHT1_S3	5	D7	D	7	T1	6.045		CCHT1-S3	CCHT1-S3_16S	TATCCTGGTTTC		CCHT1-S3_ITS	TGAACTAGCGTC		Bulk_soil		California		CA_Field_1		S-T1-CCH3	CA1	control	control	humic	3					Year 1	2022	6/8/22		
CCHT1_S4	5	E5	E	5	T1	8.76		CCHT1-S4	CCHT1-S4_16S	GAACGATCATGT		CCHT1-S4_ITS	GGTTACGGTTAC		Bulk_soil		California		CA_Field_1		S-T1-CCH4	CA1	control	control	humic	4					Year 1	2022	6/8/22		
CCHT1R1	4	B9	B	9	T1	0		CCHT1R1	CCHT1R1_16S	TCTAACGAGTGC		CCHT1R1_ITS	GTTCGGTGTCCA		Rhizosphere		California		CA_Field_1		Rz-T1-CCH1	CA1	control	control	humic	1					Year 1	2022	6/8/22		
CCHT1R2	4	A9	A	9	T1	22.006		CCHT1R2	CCHT1R2_16S	GTAATTGTAATT		CCHT1R2_ITS	ATTCTCTCACGT		Rhizosphere		California		CA_Field_1		Rz-T1-CCH2	CA1	control	control	humic	2					Year 1	2022	6/8/22		
CCHT1R3	4	H8	H	8	T1	17.753		CCHT1R3	CCHT1R3_16S	ACTTAGACTCTT		CCHT1R3_ITS	CGCATTTGGATG		Rhizosphere		California		CA_Field_1		Rz-T1-CCH3	CA1	control	control	humic	3					Year 1	2022	6/8/22		
CCHT1R4	4	G9	G	9	T1	30.103		CCHT1R4	CCHT1R4_16S	AGAGACGCGTAG		CCHT1R4_ITS	TACGGATTATGG		Rhizosphere		California		CA_Field_1		Rz-T1-CCH4	CA1	control	control	humic	4					Year 1	2022	6/8/22		
CGCR1R1	5	D2	D	2	T0	11.77		CGCR1R1	CGCR1R1_16S	AGAGCGGAACAA		CGCR1R1_ITS	CTCACGCAATGC		Rhizosphere		California		CA_Field_1		Rz-T0-CGC1	CA1	control	Glyphosate	control	1					Year 0	2021	6/1/21		
CGCR2R1	4	F12	F	12	T0	2.177		CGCR2R1	CGCR2R1_16S	TGCCTGCTCGAC		CGCR2R1_ITS	GATGCTGCCGTT		Rhizosphere		California		CA_Field_1		Rz-T0-CGC2	CA1	control	Glyphosate	control	2					Year 0	2021	6/1/21		
CGCR3R1	5	B2	B	2	T0	6.406		CGCR3R1	CGCR3R1_16S	ACTAGTTGGACC		CGCR3R1_ITS	GATAACTGTACG		Rhizosphere		California		CA_Field_1		Rz-T0-CGC3	CA1	control	Glyphosate	control	3					Year 0	2021	6/1/21		
CGCR4R1	5	H1	H	1	T0	3.986		CGCR4R1	CGCR4R1_16S	ATAAACGGACAT		CGCR4R1_ITS	ACCGTCTTTCTC		Rhizosphere		California		CA_Field_1		Rz-T0-CGC4	CA1	control	Glyphosate	control	4					Year 0	2021	6/1/21		
CGCT1_S1	5	F4	F	4	T1	6.608		CGCT1-S1	CGCT1-S1_16S	AACGGGCGACGT		CGCT1-S1_ITS	TGGCGTCATTCG		Bulk_soil		California		CA_Field_1		S-T1-CGC1	CA1	control	Glyphosate	control	1					Year 1	2022	6/8/22		
CGCT1_S2	5	F6	F	6	T1	5.037		CGCT1-S2	CGCT1-S2_16S	CGAACGTCTATG		CGCT1-S2_ITS	CTGGACGCATTA		Bulk_soil		California		CA_Field_1		S-T1-CGC2	CA1	control	Glyphosate	control	2					Year 1	2022	6/8/22		
CGCT1_S3	5	C6	C	6	T1	5.708		CGCT1-S3	CGCT1-S3_16S	CATTCGTGGCGT		CGCT1-S3_ITS	AGGGCTATAGTT		Bulk_soil		California		CA_Field_1		S-T1-CGC3	CA1	control	Glyphosate	control	3					Year 1	2022	6/8/22		
CGCT1_S4	5	G7	G	7	T1	5.74		CGCT1-S4	CGCT1-S4_16S	ATCAAGATACGC		CGCT1-S4_ITS	ATGCCTCGTAAG		Bulk_soil		California		CA_Field_1		S-T1-CGC4	CA1	control	Glyphosate	control	4					Year 1	2022	6/8/22		
CGCT1R1	4	B10	B	10	T1	19.656		CGCT1R1	CGCT1R1_16S	GATCCCACGTAC		CGCT1R1_ITS	AAGACAGCTATC		Rhizosphere		California		CA_Field_1		Rz-T1-CGC1	CA1	control	Glyphosate	control	1					Year 1	2022	6/8/22		
CGCT1R2	4	A10	A	10	T1	20.667		CGCT1R2	CGCT1R2_16S	TGCTACAGACGT		CGCT1R2_ITS	CGACTCTAAACG		Rhizosphere		California		CA_Field_1		Rz-T1-CGC2	CA1	control	Glyphosate	control	2					Year 1	2022	6/8/22		
CGCT1R3	4	H9	H	9	T1	39.385		CGCT1R3	CGCT1R3_16S	GGACCTGGATGG		CGCT1R3_ITS	ATAACATGTGCG		Rhizosphere		California		CA_Field_1		Rz-T1-CGC3	CA1	control	Glyphosate	control	3					Year 1	2022	6/8/22		
CGCT1R4	4	G10	G	10	T1	33.477		CGCT1R4	CGCT1R4_16S	CCACCGGGCCGA		CGCT1R4_ITS	ATAGCGAACTCA		Rhizosphere		California		CA_Field_1		Rz-T1-CGC4	CA1	control	Glyphosate	control	4					Year 1	2022	6/8/22		
CGHT1_S1	5	B5	B	5	T1	5.811		CGHT1-S1	CGHT1-S1_16S	CTTCCAACTCAT		CGHT1-S1_ITS	CTGGCATCTAGC		Bulk_soil		California		CA_Field_1		S-T1-CGH1	CA1	control	Glyphosate	humic	1					Year 1	2022	6/8/22		
CGHT1_S2	5	E6	E	6	T1	9.534		CGHT1-S2	CGHT1-S2_16S	TCAGTCAGATGA		CGHT1-S2_ITS	ACATCAGGTCAC		Bulk_soil		California		CA_Field_1		S-T1-CGH2	CA1	control	Glyphosate	humic	2					Year 1	2022	6/8/22		
CGHT1_S3	5	G5	G	5	T1	10.586		CGHT1-S3	CGHT1-S3_16S	TCTTCGCAGCAG		CGHT1-S3_ITS	GCGTGTAATTAG		Bulk_soil		California		CA_Field_1		S-T1-CGH3	CA1	control	Glyphosate	humic	3					Year 1	2022	6/8/22		
CGHT1_S4	5	D6	D	6	T1	10.045		CGHT1-S4	CGHT1-S4_16S	GCGGTCGGTCAG		CGHT1-S4_ITS	GTGTAGGTGCTT		Bulk_soil		California		CA_Field_1		S-T1-CGH4	CA1	control	Glyphosate	humic	4					Year 1	2022	6/8/22		
CGHT1R1	4	F8	F	8	T1	19.273		CGHT1R1	CGHT1R1_16S	AGTCCGAGTTGT		CGHT1R1_ITS	GAACGGGACGTA		Rhizosphere		California		CA_Field_1		Rz-T1-CGH1	CA1	control	Glyphosate	humic	1					Year 1	2022	6/8/22		
CGHT1R2	4	E7	E	7	T1	20.541		CGHT1R2	CGHT1R2_16S	GTTCGCCGCATC		CGHT1R2_ITS	TATGCCAGAGAT		Rhizosphere		California		CA_Field_1		Rz-T1-CGH2	CA1	control	Glyphosate	humic	2					Year 1	2022	6/8/22		
CGHT1R3	4	D7	D	7	T1	20.739		CGHT1R3	CGHT1R3_16S	CAACGAACCATC		CGHT1R3_ITS	CTCGTGAATGAC		Rhizosphere		California		CA_Field_1		Rz-T1-CGH3	CA1	control	Glyphosate	humic	3					Year 1	2022	6/8/22		
CGHT1R4	4	C7	C	7	T1	11.537		CGHT1R4	CGHT1R4_16S	GAGCCCAAAGAG		CGHT1R4_ITS	TACACAAGTCGC		Rhizosphere		California		CA_Field_1		Rz-T1-CGH4	CA1	control	Glyphosate	humic	4					Year 1	2022	6/8/22		
L_T0_CCC1	2	A10	Plate_9_Leaves_T0_DUDA + CA	A9	T0	118.89	1.85	L-T0-CCC1	L-T0-CCC1_16S	GCGTGGTCATTA		L-T0-CCC1_ITS	AGTGTCGATTCG		Leaves	11/17/22	California	L-T0-CCC1	CA_Field_1	6/1/21	CCC1	CA1	control	control	control	1					Year 0	2021	6/1/21		
L_T0_CCC2	5	G4	Plate_9_Leaves_T0_DUDA + CA	B9	T0	102.79	1.86	L-T0-CCC2	L-T0-CCC2_16S	TACTGAGCCTCG		L-T0-CCC2_ITS	GTTCCGGATTAG		Leaves	11/17/22	California	L-T0-CCC2	CA_Field_1	6/1/21	CCC2	CA1	control	control	control	2					Year 0	2021	6/1/21		
L_T0_CCC3	4	C4	Plate_9_Leaves_T0_DUDA + CA	C9	T0	99.99	1.82	L-T0-CCC3	L-T0-CCC3_16S	GAATATACCTGG		L-T0-CCC3_ITS	TGGTTGGTTACG		Leaves	11/17/22	California	L-T0-CCC3	CA_Field_1	6/1/21	CCC3	CA1	control	control	control	3					Year 0	2021	6/1/21		
L_T0_CCC4	3	E10	Plate_9_Leaves_T0_DUDA + CA	D9	T0	83.49	1.86	L-T0-CCC4	L-T0-CCC4_16S	GCCTGCAGTACT		L-T0-CCC4_ITS	ACGCTGTCGGTT		Leaves	11/17/22	California	L-T0-CCC4	CA_Field_1	6/1/21	CCC4	CA1	control	control	control	4					Year 0	2021	6/1/21		
L_T0_CCH1	4	E12	Plate_9_Leaves_T0_DUDA + CA	E9	T0	109.49	1.86	L-T0-CCH1	L-T0-CCH1_16S	CGTTCGCTAGCC		L-T0-CCH1_ITS	CCTTGACCGATG		Leaves	11/17/22	California	L-T0-CCH1	CA_Field_1	6/1/21	CCH1	CA1	control	control	humic	1					Year 0	2021	6/1/21		
L_T0_CCH2	4	B11	Plate_9_Leaves_T0_DUDA + CA	F9	T0	104.77	1.87	L-T0-CCH2	L-T0-CCH2_16S	CCGCCAGCTTTG		L-T0-CCH2_ITS	ATTGACCGGTCA		Leaves	12/19/22	California	L-T0-CCH2	CA_Field_1	6/1/21	CCH2	CA1	control	control	humic	2					Year 0	2021	6/1/21		
L_T0_CCH3	2	F2	Plate_9_Leaves_T0_DUDA + CA	G9	T0	109.38	1.86	L-T0-CCH3	L-T0-CCH3_16S	CTGCGGATATAC		L-T0-CCH3_ITS	GCTCCTTAGAAG		Leaves	12/19/22	California	L-T0-CCH3	CA_Field_1	6/1/21	CCH3	CA1	control	control	humic	3					Year 0	2021	6/1/21		
L_T0_CCH4	3	D12	Plate_9_Leaves_T0_DUDA + CA	H9	T0	115.28	1.82	L-T0-CCH4	L-T0-CCH4_16S	ATCACCAGGTGT		L-T0-CCH4_ITS	TAGTGCATTCGG		Leaves	12/19/22	California	L-T0-CCH4	CA_Field_1	6/1/21	CCH4	CA1	control	control	humic	4					Year 0	2021	6/1/21		
L_T0_CGC1	4	H1	Plate_9_Leaves_T0_DUDA + CA	A10	T0	103.39	1.85	L-T0-CGC1	L-T0-CGC1_16S	CTAGAGCTCCCA		L-T0-CGC1_ITS	GCCGTCTCGTAA		Leaves	11/17/22	California	L-T0-CGC1	CA_Field_1	6/1/21	CGC1	CA1	control	Glyphosate	control	1					Year 0	2021	6/1/21		
L_T0_CGC2	3	C11	Plate_9_Leaves_T0_DUDA + CA	B10	T0	79.79	1.83	L-T0-CGC2	L-T0-CGC2_16S	ACCCTCAGCCCA		L-T0-CGC2_ITS	GCACTATACGCA		Leaves	11/17/22	California	L-T0-CGC2	CA_Field_1	6/1/21	CGC2	CA1	control	Glyphosate	control	2					Year 0	2021	6/1/21		
L_T0_CGC3	3	F5	Plate_9_Leaves_T0_DUDA + CA	C10	T0	80.39	1.82	L-T0-CGC3	L-T0-CGC3_16S	CGACGAGATTAT		L-T0-CGC3_ITS	GGATGCAGGATG		Leaves	11/17/22	California	L-T0-CGC3	CA_Field_1	6/1/21	CGC3	CA1	control	Glyphosate	control	3					Year 0	2021	6/1/21		
L_T0_CGC4	2	E2	Plate_9_Leaves_T0_DUDA + CA	D10	T0	105.39	1.85	L-T0-CGC4	L-T0-CGC4_16S	ACATGGGCGGAA		L-T0-CGC4_ITS	GGCATTAGTTGA		Leaves	11/17/22	California	L-T0-CGC4	CA_Field_1	6/1/21	CGC4	CA1	control	Glyphosate	control	4					Year 0	2021	6/1/21		
L_T0_CGH1	4	E9	Plate_9_Leaves_T0_DUDA + CA	E10	T0	107.79	1.86	L-T0-CGH1	L-T0-CGH1_16S	AGCGATTCCTCG		L-T0-CGH1_ITS	ACCGTGCTCACA		Leaves	11/17/22	California	L-T0-CGH1	CA_Field_1	6/1/21	CGH1	CA1	control	Glyphosate	humic	1					Year 0	2021	6/1/21		
L_T0_CGH2	4	G7	Plate_9_Leaves_T0_DUDA + CA	F10	T0	92.49	1.85	L-T0-CGH2	L-T0-CGH2_16S	CGGCCTAAGTTC		L-T0-CGH2_ITS	GATCTCTGGGTA		Leaves	11/17/22	California	L-T0-CGH2	CA_Field_1	6/1/21	CGH2	CA1	control	Glyphosate	humic	2					Year 0	2021	6/1/21		
L_T0_CGH3	5	C4	Plate_9_Leaves_T0_DUDA + CA	G10	T0	90.59	1.87	L-T0-CGH3	L-T0-CGH3_16S	ATGTTCCTCATC		L-T0-CGH3_ITS	ACGCTTAACGAC		Leaves	11/17/22	California	L-T0-CGH3	CA_Field_1	6/1/21	CGH3	CA1	control	Glyphosate	humic	3					Year 0	2021	6/1/21		
L_T0_CGH4	5	B5	Plate_9_Leaves_T0_DUDA + CA	H10	T0	90.09	1.82	L-T0-CGH4	L-T0-CGH4_16S	CTTCCAACTCAT		L-T0-CGH4_ITS	CTGGCATCTAGC		Leaves	11/17/22	California	L-T0-CGH4	CA_Field_1	6/1/21	CGH4	CA1	control	Glyphosate	humic	4					Year 0	2021	6/1/21		
L_T0_MCC1	1	E10	Plate_9_Leaves_T0_DUDA + CA	A11	T0	111.09	1.86	L-T0-MCC1	L-T0-MCC1_16S	ACCACCGTAACC		L-T0-MCC1_ITS	CTCCCTTTGTGT		Leaves	11/17/22	California	L-T0-MCC1	CA_Field_1	6/1/21	MCC1	CA1	mulch	control	control	1					Year 0	2021	6/1/21		
L_T0_MCC2	1	H7	Plate_9_Leaves_T0_DUDA + CA	B11	T0	113.39	1.83	L-T0-MCC2	L-T0-MCC2_16S	TAGACTTCAGAG		L-T0-MCC2_ITS	GTAGGTGCTTAC		Leaves	11/17/22	California	L-T0-MCC2	CA_Field_1	6/1/21	MCC2	CA1	mulch	control	control	2					Year 0	2021	6/1/21		
L_T0_MCC3	1	H2	Plate_9_Leaves_T0_DUDA + CA	C11	T0	115.49	1.84	L-T0-MCC3	L-T0-MCC3_16S	GGTCTTAGCACC		L-T0-MCC3_ITS	CTGGGTATCTCG		Leaves	11/17/22	California	L-T0-MCC3	CA_Field_1	6/1/21	MCC3	CA1	mulch	control	control	3					Year 0	2021	6/1/21		
L_T0_MCC4	5	E12	Plate_9_Leaves_T0_DUDA + CA	D11	T0	125.49	1.86	L-T0-MCC4	L-T0-MCC4_16S	GCAAAGGCCCGC		L-T0-MCC4_ITS	GAAGCTTGAATC		Leaves	11/17/22	California	L-T0-MCC4	CA_Field_1	6/1/21	MCC4	CA1	mulch	control	control	4					Year 0	2021	6/1/21		
L_T0_MCH1	1	D3	Plate_9_Leaves_T0_DUDA + CA	E11	T0	97.19	1.82	L-T0-MCH1	L-T0-MCH1_16S	ACAGTTGTACGC		L-T0-MCH1_ITS	GGTTCCATTAGG		Leaves	11/17/22	California	L-T0-MCH1	CA_Field_1	6/1/21	MCH1	CA1	mulch	control	humic	1					Year 0	2021	6/1/21		
L_T0_MCH2	1	G12	Plate_9_Leaves_T0_DUDA + CA	F11	T0	87.49	1.85	L-T0-MCH2	L-T0-MCH2_16S	TCTTACCCATAA		L-T0-MCH2_ITS	AACCAAACTCGA		Leaves	11/17/22	California	L-T0-MCH2	CA_Field_1	6/1/21	MCH2	CA1	mulch	control	humic	2					Year 0	2021	6/1/21		
L_T0_MCH3	5	H5	Plate_9_Leaves_T0_DUDA + CA	G11	T0	76.69	1.76	L-T0-MCH3	L-T0-MCH3_16S	CACGCTATTGGA		L-T0-MCH3_ITS	TTAGGCAGGTTC		Leaves	11/17/22	California	L-T0-MCH3	CA_Field_1	6/1/21	MCH3	CA1	mulch	control	humic	3					Year 0	2021	6/1/21		
L_T0_MCH4	4	A8	Plate_9_Leaves_T0_DUDA + CA	H11	T0	68.49	1.81	L-T0-MCH4	L-T0-MCH4_16S	GATAGCACTCGT		L-T0-MCH4_ITS	CAACACATGCTG		Leaves	11/17/22	California	L-T0-MCH4	CA_Field_1	6/1/21	MCH4	CA1	mulch	control	humic	4					Year 0	2021	6/1/21		
L_T0_MGC1	1	D7	Plate_9_Leaves_T0_DUDA + CA	A12	T0	121.49	1.84	L-T0-MGC1	L-T0-MGC1_16S	CAACGAACCATC		L-T0-MGC1_ITS	CTCGTGAATGAC		Leaves	11/17/22	California	L-T0-MGC1	CA_Field_1	6/1/21	MGC1	CA1	mulch	Glyphosate	control	1					Year 0	2021	6/1/21		
L_T0_MGC2	5	H4	Plate_9_Leaves_T0_DUDA + CA	B12	T0	111.69	1.86	L-T0-MGC2	L-T0-MGC2_16S	GGTGCAGACAGA		L-T0-MGC2_ITS	TGTGGAAACTCC		Leaves	11/17/22	California	L-T0-MGC2	CA_Field_1	6/1/21	MGC2	CA1	mulch	Glyphosate	control	2					Year 0	2021	6/1/21		
L_T0_MGC3	5	A8	Plate_9_Leaves_T0_DUDA + CA	C12	T0	104.09	1.84	L-T0-MGC3	L-T0-MGC3_16S	CAATAGAATAAG		L-T0-MGC3_ITS	GCTAAGTGATGT		Leaves	11/17/22	California	L-T0-MGC3	CA_Field_1	6/1/21	MGC3	CA1	mulch	Glyphosate	control	3					Year 0	2021	6/1/21		
L_T0_MGC4	4	B9	Plate_9_Leaves_T0_DUDA + CA	D12	T0	89.99	1.68	L-T0-MGC4	L-T0-MGC4_16S	TCTAACGAGTGC		L-T0-MGC4_ITS	GTTCGGTGTCCA		Leaves	11/17/22	California	L-T0-MGC4	CA_Field_1	6/1/21	MGC4	CA1	mulch	Glyphosate	control	4					Year 0	2021	6/1/21		
L_T0_MGH1	1	B8	Plate_9_Leaves_T0_DUDA + CA	E12	T0	108.39	1.86	L-T0-MGH1	L-T0-MGH1_16S	ACGTTAATATTC		L-T0-MGH1_ITS	TGCACGTGATAA		Leaves	11/17/22	California	L-T0-MGH1	CA_Field_1	6/1/21	MGH1	CA1	mulch	Glyphosate	humic	1					Year 0	2021	6/1/21		
L_T0_MGH2	1	H5	Plate_9_Leaves_T0_DUDA + CA	F12	T0	92.29	1.85	L-T0-MGH2	L-T0-MGH2_16S	TTCTTAACGCCT		L-T0-MGH2_ITS	AACCGCATAAGT		Leaves	11/17/22	California	L-T0-MGH2	CA_Field_1	6/1/21	MGH2	CA1	mulch	Glyphosate	humic	2					Year 0	2021	6/1/21		
L_T0_MGH3	3	D3	Plate_9_Leaves_T0_DUDA + CA	G12	T0	78.09	1.84	L-T0-MGH3	L-T0-MGH3_16S	GGAGTGCCCGAA		L-T0-MGH3_ITS	CTTGCATACCGG		Leaves	11/17/22	California	L-T0-MGH3	CA_Field_1	6/1/21	MGH3	CA1	mulch	Glyphosate	humic	3					Year 0	2021	6/1/21		
L_T0_MGH4	5	E1	Plate_9_Leaves_T0_DUDA + CA	H12	T0	61.79	1.82	L-T0-MGH4	L-T0-MGH4_16S	GGCTCGTCGGAG		L-T0-MGH4_ITS	GCACTGGCATAT		Leaves	11/17/22	California	L-T0-MGH4	CA_Field_1	6/1/21	MGH4	CA1	mulch	Glyphosate	humic	4					Year 0	2021	6/1/21		
L_T1_CCC1	4	C9	Plate_10_Leaves_T1_DUDA + CA	A9	T1	95.37	1.82	L-T1-CCC1	L-T1-CCC1_16S	CGTTCCTTGTTA		L-T1-CCC1_ITS	GTAATGCGTAAC		Leaves	11/22/22	California	L-T1-CCC1	CA_Field_1	6/8/22	CCC1	CA1	control	control	control	1					Year 1	2022	6/8/22		
L_T1_CCC2	3	H5	Plate_10_Leaves_T1_DUDA + CA	B9	T1	106.57	1.85	L-T1-CCC2	L-T1-CCC2_16S	TCCTCCGGTTGG		L-T1-CCC2_ITS	TTGCCCTTTGAT		Leaves	11/22/22	California	L-T1-CCC2	CA_Field_1	6/8/22	CCC2	CA1	control	control	control	2					Year 1	2022	6/8/22		
L_T1_CCC3	3	B3	Plate_10_Leaves_T1_DUDA + CA	C9	T1	84.67	1.79	L-T1-CCC3	L-T1-CCC3_16S	TAAGATGCAGTC		L-T1-CCC3_ITS	CAAACTGCGTTG		Leaves	11/22/22	California	L-T1-CCC3	CA_Field_1	6/8/22	CCC3	CA1	control	control	control	3					Year 1	2022	6/8/22		
L_T1_CCC4	3	G6	Plate_10_Leaves_T1_DUDA + CA	D9	T1	81.77	1.82	L-T1-CCC4	L-T1-CCC4_16S	AGGTCATCTTGG		L-T1-CCC4_ITS	GTCAAGACCTCA		Leaves	11/22/22	California	L-T1-CCC4	CA_Field_1	6/8/22	CCC4	CA1	control	control	control	4					Year 1	2022	6/8/22		
L_T1_CCH1	3	A11	Plate_10_Leaves_T1_DUDA + CA	E9	T1	102.37	1.81	L-T1-CCH1	L-T1-CCH1_16S	ACCTTCGCGCAC		L-T1-CCH1_ITS	CTTCCGCAGACA		Leaves	11/22/22	California	L-T1-CCH1	CA_Field_1	6/8/22	CCH1	CA1	control	control	humic	1					Year 1	2022	6/8/22		
L_T1_CCH2	3	C5	Plate_10_Leaves_T1_DUDA + CA	F9	T1	95.17	1.87	L-T1-CCH2	L-T1-CCH2_16S	TAGAGGCGTAGG		L-T1-CCH2_ITS	ACGTGAGGAACG		Leaves	11/22/22	California	L-T1-CCH2	CA_Field_1	6/8/22	CCH2	CA1	control	control	humic	2					Year 1	2022	6/8/22		
L_T1_CCH3	3	G3	Plate_10_Leaves_T1_DUDA + CA	G9	T1	93.87	1.82	L-T1-CCH3	L-T1-CCH3_16S	CACATATTGGGC		L-T1-CCH3_ITS	GCTATTCCTCAT		Leaves	11/22/22	California	L-T1-CCH3	CA_Field_1	6/8/22	CCH3	CA1	control	control	humic	3					Year 1	2022	6/8/22		
L_T1_CCH4	1	B10	Plate_10_Leaves_T1_DUDA + CA	H9	T1	80.47	1.87	L-T1-CCH4	L-T1-CCH4_16S	GATCCCACGTAC		L-T1-CCH4_ITS	AAGACAGCTATC		Leaves	11/22/22	California	L-T1-CCH4	CA_Field_1	6/8/22	CCH4	CA1	control	control	humic	4					Year 1	2022	6/8/22		
L_T1_CGC1	5	E9	Plate_10_Leaves_T1_DUDA + CA	A10	T1	113.37	1.83	L-T1-CGC1	L-T1-CGC1_16S	GTAAACGACTTG		L-T1-CGC1_ITS	TCACCATCCGAG		Leaves	11/22/22	California	L-T1-CGC1	CA_Field_1	6/8/22	CGC1	CA1	control	Glyphosate	control	1					Year 1	2022	6/8/22		
L_T1_CGC2	5	H7	Plate_10_Leaves_T1_DUDA + CA	B10	T1	80.97	1.86	L-T1-CGC2	L-T1-CGC2_16S	CTGAGGCCCTTC		L-T1-CGC2_ITS	CGCGAAGTTTCA		Leaves	11/22/22	California	L-T1-CGC2	CA_Field_1	6/8/22	CGC2	CA1	control	Glyphosate	control	2					Year 1	2022	6/8/22		
L_T1_CGC3	5	E4	Plate_10_Leaves_T1_DUDA + CA	C10	T1	85.67	1.85	L-T1-CGC3	L-T1-CGC3_16S	GTTGGTTGGCAT		L-T1-CGC3_ITS	TGAAAGCGGCGA		Leaves	11/22/22	California	L-T1-CGC3	CA_Field_1	6/8/22	CGC3	CA1	control	Glyphosate	control	3					Year 1	2022	6/8/22		
L_T1_CGC4	3	A12	Plate_10_Leaves_T1_DUDA + CA	D10	T1	85.77	1.86	L-T1-CGC4	L-T1-CGC4_16S	GATTTAGAGGCT		L-T1-CGC4_ITS	CATTTCGCACTT		Leaves	11/22/22	California	L-T1-CGC4	CA_Field_1	6/8/22	CGC4	CA1	control	Glyphosate	control	4					Year 1	2022	6/8/22		
L_T1_CGH1	4	G10	Plate_10_Leaves_T1_DUDA + CA	E10	T1	88.77	1.85	L-T1-CGH1	L-T1-CGH1_16S	CCACCGGGCCGA		L-T1-CGH1_ITS	ATAGCGAACTCA		Leaves	11/22/22	California	L-T1-CGH1	CA_Field_1	6/8/22	CGH1	CA1	control	Glyphosate	humic	1					Year 1	2022	6/8/22		
L_T1_CGH2	1	H8	Plate_10_Leaves_T1_DUDA + CA	F10	T1	86.97	1.86	L-T1-CGH2	L-T1-CGH2_16S	ACTTAGACTCTT		L-T1-CGH2_ITS	CGCATTTGGATG		Leaves	11/22/22	California	L-T1-CGH2	CA_Field_1	6/8/22	CGH2	CA1	control	Glyphosate	humic	2					Year 1	2022	6/8/22		
L_T1_CGH3	3	C6	Plate_10_Leaves_T1_DUDA + CA	G10	T1	79.77	1.87	L-T1-CGH3	L-T1-CGH3_16S	CAGGTAATAATG		L-T1-CGH3_ITS	TGAATCGAAGCT		Leaves	11/22/22	California	L-T1-CGH3	CA_Field_1	6/8/22	CGH3	CA1	control	Glyphosate	humic	3					Year 1	2022	6/8/22		
L_T1_CGH4	5	B12	Plate_10_Leaves_T1_DUDA + CA	H10	T1	69.17	1.84	L-T1-CGH4	L-T1-CGH4_16S	ATAACGGTGTAC		L-T1-CGH4_ITS	GTATTGGTCAGA		Leaves	11/22/22	California	L-T1-CGH4	CA_Field_1	6/8/22	CGH4	CA1	control	Glyphosate	humic	4					Year 1	2022	6/8/22		
L_T1_MCC1	5	A12	Plate_10_Leaves_T1_DUDA + CA	A11	T1	81.87	1.84	L-T1-MCC1	L-T1-MCC1_16S	CGGATCTAGTGT		L-T1-MCC1_ITS	CCTACCATTGTT		Leaves	11/22/22	California	L-T1-MCC1	CA_Field_1	6/8/22	MCC1	CA1	mulch	control	control	1					Year 1	2022	6/8/22		
L_T1_MCC2	2	B3	Plate_10_Leaves_T1_DUDA + CA	B11	T1	71.17	1.87	L-T1-MCC2	L-T1-MCC2_16S	GGCTTCGGAGCG		L-T1-MCC2_ITS	TAAACCTGGACA		Leaves	11/22/22	California	L-T1-MCC2	CA_Field_1	6/8/22	MCC2	CA1	mulch	control	control	2					Year 1	2022	6/8/22		
L_T1_MCC3	2	A1	Plate_10_Leaves_T1_DUDA + CA	C11	T1	68.57	1.85	L-T1-MCC3	L-T1-MCC3_16S	ATGTTAGGGAAT		L-T1-MCC3_ITS	CTACCGATTGCG		Leaves	11/22/22	California	L-T1-MCC3	CA_Field_1	6/8/22	MCC3	CA1	mulch	control	control	3					Year 1	2022	6/8/22		
L_T1_MCC4	5	H10	Plate_10_Leaves_T1_DUDA + CA	D11	T1	88.27	1.87	L-T1-MCC4	L-T1-MCC4_16S	TCCGGACTCCTG		L-T1-MCC4_ITS	CAGCCTGCAAAT		Leaves	11/22/22	California	L-T1-MCC4	CA_Field_1	6/8/22	MCC4	CA1	mulch	control	control	4					Year 1	2022	6/8/22		
L_T1_MCH1	1	G8	Plate_10_Leaves_T1_DUDA + CA	E11	T1	58.97	1.83	L-T1-MCH1	L-T1-MCH1_16S	GCTGAGCCTTTG		L-T1-MCH1_ITS	CATCATACGGGT		Leaves	11/22/22	California	L-T1-MCH1	CA_Field_1	6/8/22	MCH1	CA1	mulch	control	humic	1					Year 1	2022	6/8/22		
L_T1_MCH2	3	E12	Plate_10_Leaves_T1_DUDA + CA	F11	T1	68.37	1.78	L-T1-MCH2	L-T1-MCH2_16S	CCGTGGACCAGG		L-T1-MCH2_ITS	GCGAACCTATAC		Leaves	11/22/22	California	L-T1-MCH2	CA_Field_1	6/8/22	MCH2	CA1	mulch	control	humic	2					Year 1	2022	6/8/22		
L_T1_MCH3	5	G12	Plate_10_Leaves_T1_DUDA + CA	G11	T1	63.17	1.8	L-T1-MCH3	L-T1-MCH3_16S	AATAGATGCTGA		L-T1-MCH3_ITS	ACGAAGTCTACC		Leaves	11/22/22	California	L-T1-MCH3	CA_Field_1	6/8/22	MCH3	CA1	mulch	control	humic	3					Year 1	2022	6/8/22		
L_T1_MCH4	5	B3	Plate_10_Leaves_T1_DUDA + CA	H11	T1	48.57	1.85	L-T1-MCH4	L-T1-MCH4_16S	GGCTTCGGAGCG		L-T1-MCH4_ITS	TAAACCTGGACA		Leaves	11/22/22	California	L-T1-MCH4	CA_Field_1	6/8/22	MCH4	CA1	mulch	control	humic	4					Year 1	2022	6/8/22		
L_T1_MGC1	6	B3	Plate_10_Leaves_T1_DUDA + CA	A12	T1	72.37	1.83	L-T1-MGC1	L-T1-MGC1_16S	TAAGATGCAGTC		L-T1-MGC1_ITS	CAAACTGCGTTG		Leaves	11/22/22	California	L-T1-MGC1	CA_Field_1	6/8/22	MGC1	CA1	mulch	Glyphosate	control	1					Year 1	2022	6/8/22		
L_T1_MGC2	3	B5	Plate_10_Leaves_T1_DUDA + CA	B12	T1	62.77	1.86	L-T1-MGC2	L-T1-MGC2_16S	AGCCGACTCTGT		L-T1-MGC2_ITS	GACCGATAGGGA		Leaves	11/22/22	California	L-T1-MGC2	CA_Field_1	6/8/22	MGC2	CA1	mulch	Glyphosate	control	2					Year 1	2022	6/8/22		
L_T1_MGC3	4	B12	Plate_10_Leaves_T1_DUDA + CA	C12	T1	49.47	1.85	L-T1-MGC3	L-T1-MGC3_16S	TCATCTTGATTG		L-T1-MGC3_ITS	TTCTCCATCACA		Leaves	11/22/22	California	L-T1-MGC3	CA_Field_1	6/8/22	MGC3	CA1	mulch	Glyphosate	control	3					Year 1	2022	6/8/22		
L_T1_MGC4	6	D1	Plate_10_Leaves_T1_DUDA + CA	D12	T1	71.77	1.85	L-T1-MGC4	L-T1-MGC4_16S	CCGTCAAGATGT		L-T1-MGC4_ITS	CCAATGATAAGC		Leaves	11/22/22	California	L-T1-MGC4	CA_Field_1	6/8/22	MGC4	CA1	mulch	Glyphosate	control	4					Year 1	2022	6/8/22		
L_T1_MGH1	4	C5	Plate_10_Leaves_T1_DUDA + CA	E12	T1	80.47	1.84	L-T1-MGH1	L-T1-MGH1_16S	GAATCTGACAAC		L-T1-MGH1_ITS	GTCGTCCAAATG		Leaves	11/22/22	California	L-T1-MGH1	CA_Field_1	6/8/22	MGH1	CA1	mulch	Glyphosate	humic	1					Year 1	2022	6/8/22		
L_T1_MGH2	1	H6	Plate_10_Leaves_T1_DUDA + CA	F12	T1	72.87	1.85	L-T1-MGH2	L-T1-MGH2_16S	CTCCCGAGCTCC		L-T1-MGH2_ITS	ACCTTACACCTT		Leaves	11/22/22	California	L-T1-MGH2	CA_Field_1	6/8/22	MGH2	CA1	mulch	Glyphosate	humic	2					Year 1	2022	6/8/22		
L_T1_MGH3	4	D11	Plate_10_Leaves_T1_DUDA + CA	G12	T1	81.17	1.87	L-T1-MGH3	L-T1-MGH3_16S	CGCACGTACCTC		L-T1-MGH3_ITS	AGACAGTAGGAG		Leaves	11/22/22	California	L-T1-MGH3	CA_Field_1	6/8/22	MGH3	CA1	mulch	Glyphosate	humic	3					Year 1	2022	6/8/22		
L_T1_MGH4	2	G2	Plate_10_Leaves_T1_DUDA + CA	H12	T1	57.17	1.84	L-T1-MGH4	L-T1-MGH4_16S	GTGAGGGCAAGT		L-T1-MGH4_ITS	GACCCTAGACCT		Leaves	11/22/22	California	L-T1-MGH4	CA_Field_1	6/8/22	MGH4	CA1	mulch	Glyphosate	humic	4					Year 1	2022	6/8/22		
MCCR1R1	4	B11	B	11	T0	1.462		MCCR1R1	MCCR1R1_16S	CCGCCAGCTTTG		MCCR1R1_ITS	ATTGACCGGTCA		Rhizosphere		California		CA_Field_1		Rz-T0-MCC1	CA1	mulch	control	control	1					Year 0	2021	6/1/21		
MCCR2R1	4	A11	A	11	T0	9.841		MCCR2R1	MCCR2R1_16S	AGGTGAGTTCTA		MCCR2R1_ITS	GTCTTCAGCAAG		Rhizosphere		California		CA_Field_1		Rz-T0-MCC2	CA1	mulch	control	control	2					Year 0	2021	6/1/21		
MCCR3R1	4	H10	H	10	T0	4.535		MCCR3R1	MCCR3R1_16S	TATGTGCCGGCT		MCCR3R1_ITS	CTTGAGAAATCG		Rhizosphere		California		CA_Field_1		Rz-T0-MCC3	CA1	mulch	control	control	3					Year 0	2021	6/1/21		
MCCR4R1	4	G11	G	11	T0	19.99		MCCR4R1	MCCR4R1_16S	AATCCGGTCACC		MCCR4R1_ITS	TAACGCTGTGTG		Rhizosphere		California		CA_Field_1		Rz-T0-MCC4	CA1	mulch	control	control	4					Year 0	2021	6/1/21		
MCCT1_S1	5	A6	A	6	T1	2.372		MCCT1-S1	MCCT1-S1_16S	GTTAAGCTGACC		MCCT1-S1_ITS	CAAACGCACTAA		Bulk_soil		California		CA_Field_1		S-T1-MCC1	CA1	mulch	control	control	1					Year 1	2022	6/8/22		
MCCT1_S2	5	C1	C	1	T1	8.841		MCCT1-S2	MCCT1-S2_16S	GTCGTTACCCGC		MCCT1-S2_ITS	AGAACCGTCATA		Bulk_soil		California		CA_Field_1		S-T1-MCC2	CA1	mulch	control	control	2					Year 1	2022	6/8/22		
MCCT1_S3	5	A1	A	1	T1	4.609		MCCT1-S3	MCCT1-S3_16S	ATGTTAGGGAAT		MCCT1-S3_ITS	CTACCGATTGCG		Bulk_soil		California		CA_Field_1		S-T1-MCC3	CA1	mulch	control	control	3					Year 1	2022	6/8/22		
MCCT1_S4	5	H6	H	6	T1	5.959		MCCT1-S4	MCCT1-S4_16S	TGATTTAATTGC		MCCT1-S4_ITS	TAAGACTACTGG		Bulk_soil		California		CA_Field_1		S-T1-MCC4	CA1	mulch	control	control	4					Year 1	2022	6/8/22		
MCCT1R1	4	F9	F	9	T1	8.407		MCCT1R1	MCCT1R1_16S	CGTGAGGACCAG		MCCT1R1_ITS	ACGTGTAGGCTT		Rhizosphere		California		CA_Field_1		Rz-T1-MCC1	CA1	mulch	control	control	1					Year 1	2022	6/8/22		
MCCT1R2	4	E8	E	8	T1	14.615		MCCT1R2	MCCT1R2_16S	AGACTATTTCAT		MCCT1R2_ITS	AGGTCCAAATCA		Rhizosphere		California		CA_Field_1		Rz-T1-MCC2	CA1	mulch	control	control	2					Year 1	2022	6/8/22		
MCCT1R3	4	D8	D	8	T1	15.818		MCCT1R3	MCCT1R3_16S	ACACGTTTGGGT		MCCT1R3_ITS	GTATGGAGCTAT	EMPTY	Rhizosphere		California		CA_Field_1		Rz-T1-MCC3	CA1	mulch	control	control	3					Year 1	2022	6/8/22		
MCCT1R4	4	C8	C	8	T1	31.945		MCCT1R4	MCCT1R4_16S	CCATGTGGCTCC		MCCT1R4_ITS	GCGTCCATGAAT		Rhizosphere		California		CA_Field_1		Rz-T1-MCC4	CA1	mulch	control	control	4					Year 1	2022	6/8/22		
MCHR1R1	5	H2	H	2	T0	1.302		MCHR1R1	MCHR1R1_16S	ATATTGGCAGCC		MCHR1R1_ITS	AGTCTGTCTGCG		Rhizosphere		California		CA_Field_1		Rz-T0-MCH1	CA1	mulch	control	humic	1					Year 0	2021	6/1/21		
MCHR2R1	5	G2	G	2	T0	3.468		MCHR2R1	MCHR2R1_16S	GTGAGGGCAAGT		MCHR2R1_ITS	GACCCTAGACCT		Rhizosphere		California		CA_Field_1		Rz-T0-MCH2	CA1	mulch	control	humic	2					Year 0	2021	6/1/21		
MCHR3R1	5	F2	F	2	T0	6.243		MCHR3R1	MCHR3R1_16S	CTGCGGATATAC		MCHR3R1_ITS	GCTCCTTAGAAG		Rhizosphere		California		CA_Field_1		Rz-T0-MCH3	CA1	mulch	control	humic	3					Year 0	2021	6/1/21		
MCHR4R1	5	E2	E	2	T0	11.701		MCHR4R1	MCHR4R1_16S	ACATGGGCGGAA		MCHR4R1_ITS	GGCATTAGTTGA		Rhizosphere		California		CA_Field_1		Rz-T0-MCH4	CA1	mulch	control	humic	4					Year 0	2021	6/1/21		
MCHT1_S1	5	E7	E	7	T1	5.524		MCHT1-S1	MCHT1-S1_16S	CTGGTCTTACGG		MCHT1-S1_ITS	GTTGATACGATG		Bulk_soil		California		CA_Field_1		S-T1-MCH1	CA1	mulch	control	humic	1					Year 1	2022	6/8/22		
MCHT1_S2	5	C5	C	5	T1	6.457		MCHT1-S2	MCHT1-S2_16S	CGACCTCGCATA		MCHT1-S2_ITS	AGCTTACCGACC		Bulk_soil		California		CA_Field_1		S-T1-MCH2	CA1	mulch	control	humic	2					Year 1	2022	6/8/22		
MCHT1_S3	5	G6	G	6	T1	3.009		MCHT1-S3	MCHT1-S3_16S	CAGTCCCTGCAC		MCHT1-S3_ITS	CTGTAGCTTGGC		Bulk_soil		California		CA_Field_1		S-T1-MCH3	CA1	mulch	control	humic	3					Year 1	2022	6/8/22		
MCHT1_S4	5	A7	A	7	T1	3.48		MCHT1-S4	MCHT1-S4_16S	CCTATTGCGGCC		MCHT1-S4_ITS	GAACAAAGAGCG		Bulk_soil		California		CA_Field_1		S-T1-MCH4	CA1	mulch	control	humic	4					Year 1	2022	6/8/22		
MCHT1R1	4	B8	B	8	T1	32.332		MCHT1R1	MCHT1R1_16S	ACGTTAATATTC		MCHT1R1_ITS	TGCACGTGATAA		Rhizosphere		California		CA_Field_1		Rz-T1-MCH1	CA1	mulch	control	humic	1					Year 1	2022	6/8/22		
MCHT1R2	4	A8	A	8	T1	48.945		MCHT1R2	MCHT1R2_16S	GATAGCACTCGT		MCHT1R2_ITS	CAACACATGCTG		Rhizosphere		California		CA_Field_1		Rz-T1-MCH2	CA1	mulch	control	humic	2					Year 1	2022	6/8/22		
MCHT1R3	4	H7	H	7	T1	20.103		MCHT1R3	MCHT1R3_16S	TAGACTTCAGAG		MCHT1R3_ITS	GTAGGTGCTTAC		Rhizosphere		California		CA_Field_1		Rz-T1-MCH3	CA1	mulch	control	humic	3					Year 1	2022	6/8/22		
MCHT1R4	4	G8	G	8	T1	17.195		MCHT1R4	MCHT1R4_16S	GCTGAGCCTTTG		MCHT1R4_ITS	CATCATACGGGT		Rhizosphere		California		CA_Field_1		Rz-T1-MCH4	CA1	mulch	control	humic	4					Year 1	2022	6/8/22		
MGCR1R1	4	A12	A	12	T0	1.842		MGCR1R1	MGCR1R1_16S	AACGATCATAGA		MGCR1R1_ITS	CGGATAACCTCC		Rhizosphere		California		CA_Field_1		Rz-T0-MGC1	CA1	mulch	Glyphosate	control	1					Year 0	2021	6/1/21		
MGCR2R1	4	E11	E	11	T0	3.033		MGCR2R1	MGCR2R1_16S	AGGAAGTAACTT		MGCR2R1_ITS	AGAATCCACCAC	EMPTY	Rhizosphere		California		CA_Field_1		Rz-T0-MGC2	CA1	mulch	Glyphosate	control	2					Year 0	2021	6/1/21		
MGCR3R1	4	D11	D	11	T0	6.837		MGCR3R1	MGCR3R1_16S	CGCACGTACCTC		MGCR3R1_ITS	AGACAGTAGGAG		Rhizosphere		California		CA_Field_1		Rz-T0-MGC3	CA1	mulch	Glyphosate	control	3					Year 0	2021	6/1/21		
MGCR4R1	4	C11	C	11	T0	10.385		MGCR4R1	MGCR4R1_16S	AGCGGTAGCGGT		MGCR4R1_ITS	GGAATCCGATTA		Rhizosphere		California		CA_Field_1		Rz-T0-MGC4	CA1	mulch	Glyphosate	control	4					Year 0	2021	6/1/21		
MGCT1_S2	5	C7	C	7	T1	2.73		MGCT1-S2	MGCT1-S2_16S	AGTACGCAGTCT		MGCT1-S2_ITS	TGTCTCGCAAGC		Bulk_soil		California		CA_Field_1		S-T1-MGC1	CA1	mulch	Glyphosate	control	1					Year 1	2022	6/8/22		
MGCT1_S3	5	B7	B	7	T1	4.246		MGCT1-S3	MGCT1-S3_16S	GTTAGGGAGCGA		MGCT1-S3_ITS	ACTATGGGCTAA		Bulk_soil		California		CA_Field_1		S-T1-MGC2	CA1	mulch	Glyphosate	control	2					Year 1	2022	6/8/22		
MGCT1_S4_REDO	5	A5	A	5	T1	6.47		MGCT1-S4	MGCT1-S4-REDO_16S	GATCCGGCAGGA		MGCT1-S4-REDO_ITS	GTTTGCTCGAGA		Bulk_soil		California		CA_Field_1		S-T1-MGC3	CA1	mulch	Glyphosate	control	3					Year 1	2022	6/8/22		
MGCT1_S4_REDO	5	B6	B	6	T1	2.314		MGCT1-S4-REDO	MGCT1-S4-REDO_16S	GCCTAGCCCAAT		MGCT1-S4-REDO_ITS	GGTGGTCGTTCT		Bulk_soil		California		CA_Field_1		S-T1-MGC4	CA1	mulch	Glyphosate	control	4					Year 1	2022	6/8/22		
MGCT1R1	4	B7	B	7	T1	6.851		MGCT1R1	MGCT1R1_16S	TGACTGCGTTAG		MGCT1R1_ITS	AACTTTCAGGAG		Rhizosphere		California		CA_Field_1		Rz-T1-MGC1	CA1	mulch	Glyphosate	control	1					Year 1	2022	6/8/22		
MGCT1R2	4	A7	A	7	T1	22.016		MGCT1R2	MGCT1R2_16S	CAGATCCCAACC		MGCT1R2_ITS	CGAGCTGTTACC		Rhizosphere		California		CA_Field_1		Rz-T1-MGC2	CA1	mulch	Glyphosate	control	2					Year 1	2022	6/8/22		
MGCT1R3	4	F7	F	7	T1	10.468		MGCT1R3	MGCT1R3_16S	GTTCGAGTGAAT		MGCT1R3_ITS	GAGAGTCCACTT		Rhizosphere		California		CA_Field_1		Rz-T1-MGC3	CA1	mulch	Glyphosate	control	3					Year 1	2022	6/8/22		
MGCT1R4	4	G7	G	7	T1	6.275		MGCT1R4	MGCT1R4_16S	CGGCCTAAGTTC		MGCT1R4_ITS	GATCTCTGGGTA		Rhizosphere		California		CA_Field_1		Rz-T1-MGC4	CA1	mulch	Glyphosate	control	4					Year 1	2022	6/8/22		
MGHR1R1	5	A2	A	2	T0	2.424		MGHR1R1	MGHR1R1_16S	GCTAGTTATGGA		MGHR1R1_ITS	TCACCCAAGGTA		Rhizosphere		California		CA_Field_1		Rz-T0-MGH1	CA1	mulch	Glyphosate	humic	1					Year 0	2021	6/1/21		
MGHR2R1	5	A3	A	3	T0	7.374		MGHR2R1	MGHR2R1_16S	TCATCCGTCGGC		MGHR2R1_ITS	AGCCAGTCATAC		Rhizosphere		California		CA_Field_1		Rz-T0-MGH2	CA1	mulch	Glyphosate	humic	2					Year 0	2021	6/1/21		
MGHR2R2	5	C2	C	2	T0	6.172		MGHR2R2	MGHR2R2_16S	CGCAAGCCCGCG		MGHR2R2_ITS	AACTGGAACCCT		Rhizosphere		California		CA_Field_1		Rz-T0-MGH3	CA1	mulch	Glyphosate	humic	3					Year 0	2021	6/1/21		
MGHR4R1	5	B3	B	3	T0	18.813		MGHR4R1	MGHR4R1_16S	GGCTTCGGAGCG		MGHR4R1_ITS	TAAACCTGGACA		Rhizosphere		California		CA_Field_1		Rz-T0-MGH4	CA1	mulch	Glyphosate	humic	4					Year 0	2021	6/1/21		
MGHT1_S1	5	B1	B	1	T1	4.026		MGHT1-S1	MGHT1-S1_16S	AAGTGGCTATCC		MGHT1-S1_ITS	GAGTCCGTTGCT		Bulk_soil		California		CA_Field_1		S-T1-MGH1	CA1	mulch	Glyphosate	humic	1					Year 1	2022	6/8/22		
MGHT1_S2	5	D1	D	1	T1	6.777		MGHT1-S2	MGHT1-S2_16S	AGTATATGTTTC		MGHT1-S2_ITS	TGTAGTATAGGC		Bulk_soil		California		CA_Field_1		S-T1-MGH2	CA1	mulch	Glyphosate	humic	2					Year 1	2022	6/8/22		
MGHT1_S3	5	H7	H	7	T1	6.883		MGHT1-S3	MGHT1-S3_16S	CTGAGGCCCTTC		MGHT1-S3_ITS	CGCGAAGTTTCA		Bulk_soil		California		CA_Field_1		S-T1-MGH3	CA1	mulch	Glyphosate	humic	3					Year 1	2022	6/8/22		
MGHT1_S4	5	F5	F	5	T1	5.628		MGHT1-S4	MGHT1-S4_16S	CTCCACATTCCT		MGHT1-S4_ITS	AATCCTCGGAGT		Bulk_soil		California		CA_Field_1		S-T1-MGH4	CA1	mulch	Glyphosate	humic	4					Year 1	2022	6/8/22		
MGHT1R1	4	F10	F	10	T1	21.067		MGHT1R1	MGHT1R1_16S	CGGTTGGCGGGT		MGHT1R1_ITS	GGTCTCCTACAG		Rhizosphere		California		CA_Field_1		Rz-T1-MGH1	CA1	mulch	Glyphosate	humic	1					Year 1	2022	6/8/22		
MGHT1R2	4	E9	E	9	T1	28.143		MGHT1R2	MGHT1R2_16S	AGCGATTCCTCG		MGHT1R2_ITS	ACCGTGCTCACA		Rhizosphere		California		CA_Field_1		Rz-T1-MGH2	CA1	mulch	Glyphosate	humic	2					Year 1	2022	6/8/22		
MGHT1R3	4	D9	D	9	T1	14.981		MGHT1R3	MGHT1R3_16S	CGTCGCAGCCTT		MGHT1R3_ITS	CCTGTCCTATCT		Rhizosphere		California		CA_Field_1		Rz-T1-MGH3	CA1	mulch	Glyphosate	humic	3					Year 1	2022	6/8/22		
MGHT1R4	4	C9	C	9	T1	25.576		MGHT1R4	MGHT1R4_16S	CGTTCCTTGTTA		MGHT1R4_ITS	GTAATGCGTAAC		Rhizosphere		California		CA_Field_1		Rz-T1-MGH4	CA1	mulch	Glyphosate	humic	4					Year 1	2022	6/8/22		
R_T0_CCH1	1	D2	Plate_11_Roots_T0_DUDA + CA	A9	T0	29.83	1.87	R-T0-CCH1	R-T0-CCH1_16S	CAGGCCACTCTC		R-T0-CCH1_ITS	ATCCCTACGGAA		Roots	12/6/22	California	R-T0-CCH1	CA_Field_1	6/1/21	CCH1	CA1	control	control	humic	1					Year 0	2021	6/1/21		
R_T0_CCH2	4	G8	Plate_11_Roots_T0_DUDA + CA	B9	T0	52.03	1.9	R-T0-CCH2	R-T0-CCH2_16S	GCTGAGCCTTTG		R-T0-CCH2_ITS	CATCATACGGGT		Roots	12/6/22	California	R-T0-CCH2	CA_Field_1	6/1/21	CCH2	CA1	control	control	humic	2					Year 0	2021	6/1/21		
R_T0_CCH3	3	C8	Plate_11_Roots_T0_DUDA + CA	C9	T0	61.73	1.9	R-T0-CCH3	R-T0-CCH3_16S	GTCTAGTATTTC		R-T0-CCH3_ITS	TATAGGCTCCGC		Roots	12/6/22	California	R-T0-CCH3	CA_Field_1	6/1/21	CCH3	CA1	control	control	humic	3					Year 0	2021	6/1/21		
R_T0_CCH4	2	H12	Plate_11_Roots_T0_DUDA + CA	D9	T0	75.73	1.92	R-T0-CCH4	R-T0-CCH4_16S	AACGCTTCTTAT		R-T0-CCH4_ITS	ATATAAGGCCCA		Roots	12/6/22	California	R-T0-CCH4	CA_Field_1	6/1/21	CCH4	CA1	control	control	humic	4					Year 0	2021	6/1/21		
R_T0_CGC1	5	H12	Plate_11_Roots_T0_DUDA + CA	E9	T0	48.63	1.9	R-T0-CGC1	R-T0-CGC1_16S	AACGCTTCTTAT		R-T0-CGC1_ITS	ATATAAGGCCCA		Roots	12/6/22	California	R-T0-CGC1	CA_Field_1	6/1/21	CGC1	CA1	control	Glyphosate	control	1					Year 0	2021	6/1/21		
R_T0_CGC2	4	C1	Plate_11_Roots_T0_DUDA + CA	F9	T0	54.63	1.91	R-T0-CGC2	R-T0-CGC2_16S	TATATAGTATCC		R-T0-CGC2_ITS	CGTAGGTAGAGG		Roots	12/6/22	California	R-T0-CGC2	CA_Field_1	6/1/21	CGC2	CA1	control	Glyphosate	control	2					Year 0	2021	6/1/21		
R_T0_CGC3	4	E8	Plate_11_Roots_T0_DUDA + CA	G9	T0	43.53	1.83	R-T0-CGC3	R-T0-CGC3_16S	AGACTATTTCAT		R-T0-CGC3_ITS	AGGTCCAAATCA		Roots	12/6/22	California	R-T0-CGC3	CA_Field_1	6/1/21	CGC3	CA1	control	Glyphosate	control	3					Year 0	2021	6/1/21		
R_T0_CGC4	6	E2	Plate_11_Roots_T0_DUDA + CA	H9	T0	63.13	1.91	R-T0-CGC4	R-T0-CGC4_16S	AGGAAAGCCAGA		R-T0-CGC4_ITS	CTATCGGAAGAT		Roots	12/6/22	California	R-T0-CGC4	CA_Field_1	6/1/21	CGC4	CA1	control	Glyphosate	control	4					Year 0	2021	6/1/21		
R_T0_CGH1	3	H11	Plate_11_Roots_T0_DUDA + CA	A10	T0	50.53	1.89	R-T0-CGH1	R-T0-CGH1_16S	TGCCCTCCGTAG		R-T0-CGH1_ITS	TACTGCCAGTGA		Roots	12/6/22	California	R-T0-CGH1	CA_Field_1	6/1/21	CGH1	CA1	control	Glyphosate	humic	1					Year 0	2021	6/1/21		
R_T0_CGH2	6	A1	Plate_11_Roots_T0_DUDA + CA	B10	T0	50.53	1.9	R-T0-CGH2	R-T0-CGH2_16S	TGTGTTACTCCT		R-T0-CGH2_ITS	CGTACCAGATCC		Roots	12/6/22	California	R-T0-CGH2	CA_Field_1	6/1/21	CGH2	CA1	control	Glyphosate	humic	2					Year 0	2021	6/1/21		
R_T0_CGH3	2	E9	Plate_11_Roots_T0_DUDA + CA	C10	T0	36.13	1.87	R-T0-CGH3	R-T0-CGH3_16S	GTAAACGACTTG		R-T0-CGH3_ITS	TCACCATCCGAG		Roots	12/6/22	California	R-T0-CGH3	CA_Field_1	6/1/21	CGH3	CA1	control	Glyphosate	humic	3					Year 0	2021	6/1/21		
R_T0_CGH4	1	B2	Plate_11_Roots_T0_DUDA + CA	D10	T0	55.13	1.9	R-T0-CGH4	R-T0-CGH4_16S	GTCCTACACAGC		R-T0-CGH4_ITS	GACTTCATGCGA		Roots	12/6/22	California	R-T0-CGH4	CA_Field_1	6/1/21	CGH4	CA1	control	Glyphosate	humic	4					Year 0	2021	6/1/21		
R_T0_MCC1	4	F7	Plate_11_Roots_T0_DUDA + CA	E10	T0	48.23	1.9	R-T0-MCC1	R-T0-MCC1_16S	GTTCGAGTGAAT		R-T0-MCC1_ITS	GAGAGTCCACTT		Roots	12/6/22	California	R-T0-MCC1	CA_Field_1	6/1/21	MCC1	CA1	mulch	control	control	1					Year 0	2021	6/1/21		
R_T0_MCC2	1	A6	Plate_11_Roots_T0_DUDA + CA	F10	T0	33.63	1.88	R-T0-MCC2	R-T0-MCC2_16S	AGTAGTTTCCTT		R-T0-MCC2_ITS	ATTCGGTAGTGC		Roots	12/6/22	California	R-T0-MCC2	CA_Field_1	6/1/21	MCC2	CA1	mulch	control	control	2					Year 0	2021	6/1/21		
R_T0_MCC3	5	A5	Plate_11_Roots_T0_DUDA + CA	G10	T0	48.43	1.93	R-T0-MCC3	R-T0-MCC3_16S	GATCCGGCAGGA		R-T0-MCC3_ITS	GTTTGCTCGAGA		Roots	12/6/22	California	R-T0-MCC3	CA_Field_1	6/1/21	MCC3	CA1	mulch	control	control	3					Year 0	2021	6/1/21		
R_T0_MCC4	2	D6	Plate_11_Roots_T0_DUDA + CA	H10	T0	36.93	1.92	R-T0-MCC4	R-T0-MCC4_16S	GCGGTCGGTCAG		R-T0-MCC4_ITS	GTGTAGGTGCTT		Roots	12/6/22	California	R-T0-MCC4	CA_Field_1	6/1/21	MCC4	CA1	mulch	control	control	4					Year 0	2021	6/1/21		
R_T0_MCH1	3	G9	Plate_11_Roots_T0_DUDA + CA	A11	T0	44.33	1.89	R-T0-MCH1	R-T0-MCH1_16S	CTGCAAGCCTGT		R-T0-MCH1_ITS	AATGTCACCAGA		Roots	12/6/22	California	R-T0-MCH1	CA_Field_1	6/1/21	MCH1	CA1	mulch	control	humic	1					Year 0	2021	6/1/21		
R_T0_MCH2	6	A2	Plate_11_Roots_T0_DUDA + CA	B11	T0	40.73	1.91	R-T0-MCH2	R-T0-MCH2_16S	CCATATCCCGGA		R-T0-MCH2_ITS	ATGTTTAGACGG		Roots	12/6/22	California	R-T0-MCH2	CA_Field_1	6/1/21	MCH2	CA1	mulch	control	humic	2					Year 0	2021	6/1/21		
R_T0_MCH3	4	D12	Plate_11_Roots_T0_DUDA + CA	C11	T0	54.73	1.89	R-T0-MCH3	R-T0-MCH3_16S	GTCCTCGCGACT		R-T0-MCH3_ITS	GCCACGACTTAC		Roots	12/6/22	California	R-T0-MCH3	CA_Field_1	6/1/21	MCH3	CA1	mulch	control	humic	3					Year 0	2021	6/1/21		
R_T0_MCH4	6	C2	Plate_11_Roots_T0_DUDA + CA	D11	T0	76.43	1.92	R-T0-MCH4	R-T0-MCH4_16S	CGATCGAACACT		R-T0-MCH4_ITS	AGCCTCATGATG		Roots	12/6/22	California	R-T0-MCH4	CA_Field_1	6/1/21	MCH4	CA1	mulch	control	humic	4					Year 0	2021	6/1/21		
R_T0_MGC1	1	B12	Plate_11_Roots_T0_DUDA + CA	E11	T0	53.93	1.89	R-T0-MGC1	R-T0-MGC1_16S	TCATCTTGATTG		R-T0-MGC1_ITS	TTCTCCATCACA		Roots	12/6/22	California	R-T0-MGC1	CA_Field_1	6/1/21	MGC1	CA1	mulch	Glyphosate	control	1					Year 0	2021	6/1/21		
R_T0_MGC2	1	A1	Plate_11_Roots_T0_DUDA + CA	F11	T0	63.33	1.9	R-T0-MGC2	R-T0-MGC2_16S	TAGGACGGGAGT		R-T0-MGC2_ITS	GTCGAATTTGCG		Roots	12/6/22	California	R-T0-MGC2	CA_Field_1	6/1/21	MGC2	CA1	mulch	Glyphosate	control	2					Year 0	2021	6/1/21		
R_T0_MGC3	5	G6	Plate_11_Roots_T0_DUDA + CA	G11	T0	49.93	1.85	R-T0-MGC3	R-T0-MGC3_16S	CAGTCCCTGCAC		R-T0-MGC3_ITS	CTGTAGCTTGGC		Roots	12/6/22	California	R-T0-MGC3	CA_Field_1	6/1/21	MGC3	CA1	mulch	Glyphosate	control	3					Year 0	2021	6/1/21		
R_T0_MGC4	2	H1	Plate_11_Roots_T0_DUDA + CA	H11	T0	38.43	1.9	R-T0-MGC4	R-T0-MGC4_16S	ATAAACGGACAT		R-T0-MGC4_ITS	ACCGTCTTTCTC		Roots	12/6/22	California	R-T0-MGC4	CA_Field_1	6/1/21	MGC4	CA1	mulch	Glyphosate	control	4					Year 0	2021	6/1/21		
R_T0_MGH1	4	C7	Plate_11_Roots_T0_DUDA + CA	A12	T0	61.63	1.89	R-T0-MGH1	R-T0-MGH1_16S	GAGCCCAAAGAG		R-T0-MGH1_ITS	TACACAAGTCGC		Roots	12/6/22	California	R-T0-MGH1	CA_Field_1	6/1/21	MGH1	CA1	mulch	Glyphosate	humic	1					Year 0	2021	6/1/21		
R_T0_MGH2	5	C6	Plate_11_Roots_T0_DUDA + CA	B12	T0	44.13	1.9	R-T0-MGH2	R-T0-MGH2_16S	CATTCGTGGCGT		R-T0-MGH2_ITS	AGGGCTATAGTT		Roots	12/6/22	California	R-T0-MGH2	CA_Field_1	6/1/21	MGH2	CA1	mulch	Glyphosate	humic	2					Year 0	2021	6/1/21		
R_T0_MGH3	1	D9	Plate_11_Roots_T0_DUDA + CA	C12	T0	42.53	1.89	R-T0-MGH3	R-T0-MGH3_16S	CGTCGCAGCCTT		R-T0-MGH3_ITS	CCTGTCCTATCT		Roots	12/6/22	California	R-T0-MGH3	CA_Field_1	6/1/21	MGH3	CA1	mulch	Glyphosate	humic	3					Year 0	2021	6/1/21		
R_T0_MGH4	4	B10	Plate_11_Roots_T0_DUDA + CA	D12	T0	76.53	1.89	R-T0-MGH4	R-T0-MGH4_16S	GATCCCACGTAC		R-T0-MGH4_ITS	AAGACAGCTATC		Roots	12/6/22	California	R-T0-MGH4	CA_Field_1	6/1/21	MGH4	CA1	mulch	Glyphosate	humic	4					Year 0	2021	6/1/21		
R_T1_CCC1	1	A8	Plate_12_Roots_T1_DUDA + CA	A9	T1	47.94	1.9	R-T1-CCC1	R-T1-CCC1_16S	GATAGCACTCGT		R-T1-CCC1_ITS	CAACACATGCTG		Roots	12/15/22	California	R-T1-CCC1	CA_Field_1	6/8/22	CCC1	CA1	control	control	control	1					Year 1	2022	6/8/22		
R_T1_CCC2	1	G10	Plate_12_Roots_T1_DUDA + CA	B9	T1	56.64	1.9	R-T1-CCC2	R-T1-CCC2_16S	CCACCGGGCCGA		R-T1-CCC2_ITS	ATAGCGAACTCA		Roots	12/15/22	California	R-T1-CCC2	CA_Field_1	6/8/22	CCC2	CA1	control	control	control	2					Year 1	2022	6/8/22		
R_T1_CCC3	2	D4	Plate_12_Roots_T1_DUDA + CA	C9	T1	85.74	1.91	R-T1-CCC3	R-T1-CCC3_16S	TCCGTGGTATAG		R-T1-CCC3_ITS	GGACAGTGTATT		Roots	12/15/22	California	R-T1-CCC3	CA_Field_1	6/8/22	CCC3	CA1	control	control	control	3					Year 1	2022	6/8/22		
R_T1_CCC4	5	F8	Plate_12_Roots_T1_DUDA + CA	D9	T1	82.84	1.9	R-T1-CCC4	R-T1-CCC4_16S	TGAACCCTATGG		R-T1-CCC4_ITS	ATGTGCTGCTCG		Roots	12/15/22	California	R-T1-CCC4	CA_Field_1	6/8/22	CCC4	CA1	control	control	control	4					Year 1	2022	6/8/22		
R_T1_CCH1	5	B9	Plate_12_Roots_T1_DUDA + CA	E9	T1	92.94	1.91	R-T1-CCH1	R-T1-CCH1_16S	CTTACACTGCTT		R-T1-CCH1_ITS	GTTGCTGAGTCC		Roots	12/15/22	California	R-T1-CCH1	CA_Field_1	6/8/22	CCH1	CA1	control	control	humic	1					Year 1	2022	6/8/22		
R_T1_CCH2	4	G6	Plate_12_Roots_T1_DUDA + CA	F9	T1	46.64	1.87	R-T1-CCH2	R-T1-CCH2_16S	GTGGGACTGCGC		R-T1-CCH2_ITS	ATGGGCGAATGG		Roots	12/15/22	California	R-T1-CCH2	CA_Field_1	6/8/22	CCH2	CA1	control	control	humic	2					Year 1	2022	6/8/22		
R_T1_CCH3	3	F3	Plate_12_Roots_T1_DUDA + CA	G9	T1	108.96	1.91	R-T1-CCH3	R-T1-CCH3_16S	TGCGGTTGACTC		R-T1-CCH3_ITS	TCGTTTCTTCAG		Roots	12/20/22	California	R-T1-CCH3	CA_Field_1	6/8/22	CCH3	CA1	control	control	humic	3					Year 1	2022	6/8/22		
R_T1_CCH4	3	E2	Plate_12_Roots_T1_DUDA + CA	H9	T1	43.04	1.94	R-T1-CCH4	R-T1-CCH4_16S	AGGAAAGCCAGA		R-T1-CCH4_ITS	CTATCGGAAGAT		Roots	12/15/22	California	R-T1-CCH4	CA_Field_1	6/8/22	CCH4	CA1	control	control	humic	4					Year 1	2022	6/8/22		
R_T1_CGC1	5	G7	Plate_12_Roots_T1_DUDA + CA	A10	T1	85.04	1.89	R-T1-CGC1	R-T1-CGC1_16S	ATCAAGATACGC		R-T1-CGC1_ITS	ATGCCTCGTAAG		Roots	12/15/22	California	R-T1-CGC1	CA_Field_1	6/8/22	CGC1	CA1	control	Glyphosate	control	1					Year 1	2022	6/8/22		
R_T1_CGC2	1	E2	Plate_12_Roots_T1_DUDA + CA	B10	T1	49.34	1.92	R-T1-CGC2	R-T1-CGC2_16S	ACCCAAGCGTTA		R-T1-CGC2_ITS	GCCGTAAACTTG		Roots	12/15/22	California	R-T1-CGC2	CA_Field_1	6/8/22	CGC2	CA1	control	Glyphosate	control	2					Year 1	2022	6/8/22		
R_T1_CGC3	2	G5	Plate_12_Roots_T1_DUDA + CA	C10	T1	63.84	1.89	R-T1-CGC3	R-T1-CGC3_16S	TCTTCGCAGCAG		R-T1-CGC3_ITS	GCGTGTAATTAG		Roots	12/15/22	California	R-T1-CGC3	CA_Field_1	6/8/22	CGC3	CA1	control	Glyphosate	control	3					Year 1	2022	6/8/22		
R_T1_CGC4	2	B12	Plate_12_Roots_T1_DUDA + CA	D10	T1	66.14	1.91	R-T1-CGC4	R-T1-CGC4_16S	ATAACGGTGTAC		R-T1-CGC4_ITS	GTATTGGTCAGA		Roots	12/15/22	California	R-T1-CGC4	CA_Field_1	6/8/22	CGC4	CA1	control	Glyphosate	control	4					Year 1	2022	6/8/22		
R_T1_CGH1	2	A8	Plate_12_Roots_T1_DUDA + CA	E10	T1	65.34	1.9	R-T1-CGH1	R-T1-CGH1_16S	CAATAGAATAAG		R-T1-CGH1_ITS	GCTAAGTGATGT		Roots	12/15/22	California	R-T1-CGH1	CA_Field_1	6/8/22	CGH1	CA1	control	Glyphosate	humic	1					Year 1	2022	6/8/22		
R_T1_CGH2	1	E12	Plate_12_Roots_T1_DUDA + CA	F10	T1	72.24	1.88	R-T1-CGH2	R-T1-CGH2_16S	CGTTCGCTAGCC		R-T1-CGH2_ITS	CCTTGACCGATG		Roots	12/15/22	California	R-T1-CGH2	CA_Field_1	6/8/22	CGH2	CA1	control	Glyphosate	humic	2					Year 1	2022	6/8/22		
R_T1_CGH3	5	C3	Plate_12_Roots_T1_DUDA + CA	G10	T1	70.94	1.9	R-T1-CGH3	R-T1-CGH3_16S	CGGTCAATTGAC		R-T1-CGH3_ITS	ATACTCGGCTGC		Roots	12/15/22	California	R-T1-CGH3	CA_Field_1	6/8/22	CGH3	CA1	control	Glyphosate	humic	3					Year 1	2022	6/8/22		
R_T1_CGH4	3	A8	Plate_12_Roots_T1_DUDA + CA	H10	T1	59.24	1.9	R-T1-CGH4	R-T1-CGH4_16S	AGACATACCGTA		R-T1-CGH4_ITS	CTCGGTCAACCA		Roots	12/15/22	California	R-T1-CGH4	CA_Field_1	6/8/22	CGH4	CA1	control	Glyphosate	humic	4					Year 1	2022	6/8/22		
R_T1_MCC1	3	D5	Plate_12_Roots_T1_DUDA + CA	A11	T1	41.74	1.91	R-T1-MCC1	R-T1-MCC1_16S	GTATTATGACTT		R-T1-MCC1_ITS	GGTCTAGGTCTA		Roots	12/15/22	California	R-T1-MCC1	CA_Field_1	6/8/22	MCC1	CA1	mulch	control	control	1					Year 1	2022	6/8/22		
R_T1_MCC2	5	A6	Plate_12_Roots_T1_DUDA + CA	B11	T1	33.54	1.88	R-T1-MCC2	R-T1-MCC2_16S	GTTAAGCTGACC		R-T1-MCC2_ITS	CAAACGCACTAA		Roots	12/15/22	California	R-T1-MCC2	CA_Field_1	6/8/22	MCC2	CA1	mulch	control	control	2					Year 1	2022	6/8/22		
R_T1_MCC3	3	B1	Plate_12_Roots_T1_DUDA + CA	C11	T1	48.54	1.92	R-T1-MCC3	R-T1-MCC3_16S	AAGGCTGGGCAC		R-T1-MCC3_ITS	TTAAGCGCCTGA		Roots	12/15/22	California	R-T1-MCC3	CA_Field_1	6/8/22	MCC3	CA1	mulch	control	control	3					Year 1	2022	6/8/22		
R_T1_MCC4	3	A9	Plate_12_Roots_T1_DUDA + CA	D11	T1	39.54	1.92	R-T1-MCC4	R-T1-MCC4_16S	ACCTCTATTCGT		R-T1-MCC4_ITS	ACCCTATTGCGG		Roots	12/15/22	California	R-T1-MCC4	CA_Field_1	6/8/22	MCC4	CA1	mulch	control	control	4					Year 1	2022	6/8/22		
R_T1_MCH1	2	C5	Plate_12_Roots_T1_DUDA + CA	E11	T1	75.04	1.9	R-T1-MCH1	R-T1-MCH1_16S	CGACCTCGCATA		R-T1-MCH1_ITS	AGCTTACCGACC		Roots	12/15/22	California	R-T1-MCH1	CA_Field_1	6/8/22	MCH1	CA1	mulch	control	humic	1					Year 1	2022	6/8/22		
R_T1_MCH2	2	B1	Plate_12_Roots_T1_DUDA + CA	F11	T1	61.14	1.87	R-T1-MCH2	R-T1-MCH2_16S	AAGTGGCTATCC		R-T1-MCH2_ITS	GAGTCCGTTGCT		Roots	12/15/22	California	R-T1-MCH2	CA_Field_1	6/8/22	MCH2	CA1	mulch	control	humic	2					Year 1	2022	6/8/22		
R_T1_MCH3	3	F7	Plate_12_Roots_T1_DUDA + CA	G11	T1	88.04	1.87	R-T1-MCH3	R-T1-MCH3_16S	GCACATAGTCGT		R-T1-MCH3_ITS	GCACTTCATTTC		Roots	12/15/22	California	R-T1-MCH3	CA_Field_1	6/8/22	MCH3	CA1	mulch	control	humic	3					Year 1	2022	6/8/22		
R_T1_MCH4	2	C3	Plate_12_Roots_T1_DUDA + CA	H11	T1	60.04	1.92	R-T1-MCH4	R-T1-MCH4_16S	CGGTCAATTGAC		R-T1-MCH4_ITS	ATACTCGGCTGC		Roots	12/15/22	California	R-T1-MCH4	CA_Field_1	6/8/22	MCH4	CA1	mulch	control	humic	4					Year 1	2022	6/8/22		
R_T1_MGC1	5	B2	Plate_12_Roots_T1_DUDA + CA	A12	T1	44.74	1.88	R-T1-MGC1	R-T1-MGC1_16S	ACTAGTTGGACC		R-T1-MGC1_ITS	GATAACTGTACG		Roots	12/15/22	California	R-T1-MGC1	CA_Field_1	6/8/22	MGC1	CA1	mulch	Glyphosate	control	1					Year 1	2022	6/8/22		
R_T1_MGC2	5	A9	Plate_12_Roots_T1_DUDA + CA	B12	T1	47.34	1.93	R-T1-MGC2	R-T1-MGC2_16S	ACATAGCGGTTC		R-T1-MGC2_ITS	AAGGGACAAGTG		Roots	12/15/22	California	R-T1-MGC2	CA_Field_1	6/8/22	MGC2	CA1	mulch	Glyphosate	control	2					Year 1	2022	6/8/22		
R_T1_MGC3	5	E11	Plate_12_Roots_T1_DUDA + CA	C12	T1	47.84	1.9	R-T1-MGC3	R-T1-MGC3_16S	GCGCTTAGAATA		R-T1-MGC3_ITS	CAGAAGGTGTGG		Roots	12/15/22	California	R-T1-MGC3	CA_Field_1	6/8/22	MGC3	CA1	mulch	Glyphosate	control	3					Year 1	2022	6/8/22		
R_T1_MGC4	2	D5	Plate_12_Roots_T1_DUDA + CA	D12	T1	41.64	1.9	R-T1-MGC4	R-T1-MGC4_16S	GTCAGAGTATTG		R-T1-MGC4_ITS	ACACGACTATAG		Roots	12/15/22	California	R-T1-MGC4	CA_Field_1	6/8/22	MGC4	CA1	mulch	Glyphosate	control	4					Year 1	2022	6/8/22		
R_T1_MGH1	5	G10	Plate_12_Roots_T1_DUDA + CA	E12	T1	51.04	1.9	R-T1-MGH1	R-T1-MGH1_16S	GCATTACTGGAC		R-T1-MGH1_ITS	CAGTCAGGCCTT		Roots	12/15/22	California	R-T1-MGH1	CA_Field_1	6/8/22	MGH1	CA1	mulch	Glyphosate	humic	1					Year 1	2022	6/8/22		
R_T1_MGH2	5	D8	Plate_12_Roots_T1_DUDA + CA	F12	T1	29.84	1.91	R-T1-MGH2	R-T1-MGH2_16S	CTGGTGCTGAAT		R-T1-MGH2_ITS	TCCGAGTCACCA		Roots	12/15/22	California	R-T1-MGH2	CA_Field_1	6/8/22	MGH2	CA1	mulch	Glyphosate	humic	2					Year 1	2022	6/8/22		
R_T1_MGH3	2	F9	Plate_12_Roots_T1_DUDA + CA	G12	T1	35.24	1.92	R-T1-MGH3	R-T1-MGH3_16S	TTGGACGTCCAC		R-T1-MGH3_ITS	TACGTACGAAAC		Roots	12/15/22	California	R-T1-MGH3	CA_Field_1	6/8/22	MGH3	CA1	mulch	Glyphosate	humic	3					Year 1	2022	6/8/22		
R_T1_MGH4	5	A1	Plate_12_Roots_T1_DUDA + CA	H12	T1	46.14	1.9	R-T1-MGH4	R-T1-MGH4_16S	ATGTTAGGGAAT		R-T1-MGH4_ITS	CTACCGATTGCG		Roots	12/15/22	California	R-T1-MGH4	CA_Field_1	6/8/22	MGH4	CA1	mulch	Glyphosate	humic	4					Year 1	2022	6/8/22		
Soil1_1_T0	5	G3	G	3	T0	5.714		Soil1-1-T0	Soil1-1-T0_16S	CACGAAAGCAGG		Soil1-1-T0_ITS	TATTCAGCGGAC		Bulk_soil		California		CA_Field_1		S-T0-CCC1_r1	CA1	control	control	control						Year 0	2021	6/1/21		
Soil1_2_T0	5	D4	D	4	T0	5.03		Soil1-2-T0	Soil1-2-T0_16S	TCCGTGGTATAG		Soil1-2-T0_ITS	GGACAGTGTATT		Bulk_soil		California		CA_Field_1		S-T0-CCC1_r2	CA1	control	control	control						Year 0	2021	6/1/21		
Soil2_1_T0	5	H3	H	3	T0	8.008		Soil2-1-T0	Soil2-1-T0_16S	CGTGGCTTTCCG		Soil2-1-T0_ITS	CCGCACTCAAGT		Bulk_soil		California		CA_Field_1		S-T0-CCC2_r1	CA1	control	control	control						Year 0	2021	6/1/21		
Soil2_2_T0	5	C4	C	4	T0	6.363		Soil2-2-T0	Soil2-2-T0_16S	ATGTTCCTCATC		Soil2-2-T0_ITS	ACGCTTAACGAC		Bulk_soil		California		CA_Field_1		S-T0-CCC2_r2	CA1	control	control	control						Year 0	2021	6/1/21		
Soil3_1_T0	5	A4	A	4	T0	5.437		Soil3-1-T0	Soil3-1-T0_16S	ATTTGGCTCTTA		Soil3-1-T0_ITS	TAACGGCGCTCT		Bulk_soil		California		CA_Field_1		S-T0-CCC3_r1	CA1	control	control	control						Year 0	2021	6/1/21		
Soil3_2_T0	5	B4	B	4	T0	5.707		Soil3-2-T0	Soil3-2-T0_16S	CGCGTCAAACTA		Soil3-2-T0_ITS	CCGAATTGACAA		Bulk_soil		California		CA_Field_1		S-T0-CCC3_r2	CA1	control	control	control						Year 0	2021	6/1/21		
Soil4_1_T0	5	D3	D	3	T0	2.696		Soil4-1-T0	Soil4-1-T0_16S	TCCGCTGCTGAC		Soil4-1-T0_ITS	GTCCCGTGAAAT		Bulk_soil		California		CA_Field_1		S-T0-CCC4_r1	CA1	control	control	control						Year 0	2021	6/1/21		
Soil4_2_T0	5	E3	E	3	T0	2.165		Soil4-2-T0	Soil4_2-T0_16S	TGCGCGCCTTCC		Soil4_2-T0_ITS	CGGTAGTTGATC		Bulk_soil		California		CA_Field_1		S-T0-CCC4_r2	CA1	control	control	control						Year 0	2021	6/1/21		
Soil5_1_T0	5	C3	C	3	T0	7.651		Soil5-1-T0	Soil5-1-T0_16S	CGGTCAATTGAC		Soil5-1-T0_ITS	ATACTCGGCTGC		Bulk_soil		California		CA_Field_1		S-T0-CCC5_r1	CA1	control	control	control						Year 0	2021	6/1/21		
Soil5_2_T0	5	F3	F	3	T0	6.123		Soil5-2-T0	Soil5-2-T0_16S	GCGCACACCTTC		Soil5-2-T0_ITS	TCCCATTCCCAT		Bulk_soil		California		CA_Field_1		S-T0-CCC5_r2	CA1	control	control	control						Year 0	2021	6/1/21		
